id,firstName,lastName,address,birth
0,Prenom,Nom,150 rue de test,1995-03-07
1,Prenom,Nom,150 rue de test,1995-03-07
2,Prenom,Nom,150 rue de test,1995-03-07
3,Prenom,Nom,150 rue de test,1995-03-07
4,Prenom,Nom,150 rue de test,1995-03-07
5,Prenom,Nom,150 rue de test,1995-03-07
6,Prenom,Nom,150 rue de test,1995-03-07
7,Prenom,Nom,150 rue de test,1995-03-07
8,Prenom,Nom,150 rue de test,1995-03-07
9,Prenom,Nom,150 rue de test,1995-03-07
10,Prenom,Nom,150 rue de test,1995-03-07
11,Prenom,Nom,150 rue de test,1995-03-07
12,Prenom,Nom,150 rue de test,1995-03-07
13,Prenom,Nom,150 rue de test,1995-03-07
14,Prenom,Nom,150 rue de test,1995-03-07
15,Prenom,Nom,150 rue de test,1995-03-07
16,Prenom,Nom,150 rue de test,1995-03-07
17,Prenom,Nom,150 rue de test,1995-03-07
18,Prenom,Nom,150 rue de test,1995-03-07
19,Prenom,Nom,150 rue de test,1995-03-07
20,Prenom,Nom,150 rue de test,1995-03-07
21,Prenom,Nom,150 rue de test,1995-03-07
22,Prenom,Nom,150 rue de test,1995-03-07
23,Prenom,Nom,150 rue de test,1995-03-07
24,Prenom,Nom,150 rue de test,1995-03-07
25,Prenom,Nom,150 rue de test,1995-03-07
26,Prenom,Nom,150 rue de test,1995-03-07
27,Prenom,Nom,150 rue de test,1995-03-07
28,Prenom,Nom,150 rue de test,1995-03-07
29,Prenom,Nom,150 rue de test,1995-03-07
30,Prenom,Nom,150 rue de test,1995-03-07
31,Prenom,Nom,150 rue de test,1995-03-07
32,Prenom,Nom,150 rue de test,1995-03-07
33,Prenom,Nom,150 rue de test,1995-03-07
34,Prenom,Nom,150 rue de test,1995-03-07
35,Prenom,Nom,150 rue de test,1995-03-07
36,Prenom,Nom,150 rue de test,1995-03-07
37,Prenom,Nom,150 rue de test,1995-03-07
38,Prenom,Nom,150 rue de test,1995-03-07
39,Prenom,Nom,150 rue de test,1995-03-07
40,Prenom,Nom,150 rue de test,1995-03-07
41,Prenom,Nom,150 rue de test,1995-03-07
42,Prenom,Nom,150 rue de test,1995-03-07
43,Prenom,Nom,150 rue de test,1995-03-07
44,Prenom,Nom,150 rue de test,1995-03-07
45,Prenom,Nom,150 rue de test,1995-03-07
46,Prenom,Nom,150 rue de test,1995-03-07
47,Prenom,Nom,150 rue de test,1995-03-07
48,Prenom,Nom,150 rue de test,1995-03-07
49,Prenom,Nom,150 rue de test,1995-03-07
50,Prenom,Nom,150 rue de test,1995-03-07
51,Prenom,Nom,150 rue de test,1995-03-07
52,Prenom,Nom,150 rue de test,1995-03-07
53,Prenom,Nom,"150 Lorem ipsum dolor sit amet, consectetur adipiscing elit. Nam vulputate, sapien sit amet vestibulum scelerisque, sem tortor semper nulla, ac egestas nulla augue sit amet mauris. Vestibulum feugiat consequat urna, sed ullamcorper est luctus ut. Etiam ac vulputate enim, quis semper arcu. Integer fusce.rulmdsjflksdjfdlskfjdsklfjdsklfe de test",1995-03-07
54,Prenom,Nom,150 rue de test,1995-03-07
55,Prenom,Nom,150 rue de test,1995-03-07
56,Prenom,Nom,150 rue de test,1995-03-07
57,Prenom,Nom,150 rue de test,1995-03-07
58,Prenom,Nom,150 rue de test,1995-03-07
59,Prenom,Nom,150 rue de test,1995-03-07
60,Prenom,Nom,150 rue de test,1995-03-07
61,Prenom,Nom,150 rue de test,1995-03-07
62,Prenom,Nom,150 rue de test,1995-03-07
63,Prenom,Nom,150 rue de test,1995-03-07
64,Prenom,Nom,150 rue de test,1995-03-07
65,Prenom,Nom,150 rue de test,1995-03-07
66,Prenom,Nom,150 rue de test,1995-03-07
67,Prenom,Nom,150 rue de test,1995-03-07
68,Prenom,Nom,150 rue de test,1995-03-07
69,Prenom,Nom,150 rue de test,1995-03-07
70,Prenom,Nom,150 rue de test,1995-03-07
71,Prenom,Nom,150 rue de test,1995-03-07
72,Prenom,Nom,150 rue de test,1995-03-07
73,Prenom,Nom,150 rue de test,1995-03-07
74,Prenom,Nom,150 rue de test,1995-03-07
75,Prenom,Nom,150 rue de test,1995-03-07
76,Prenom,Nom,150 rue de test,1995-03-07
77,Prenom,Nom,150 rue de test,1995-03-07
78,Prenom,Nom,150 rue de test,1995-03-07
79,Prenom,Nom,150 rue de test,1995-03-07
80,Prenom,Nom,150 rue de test,1995-03-07
81,Prenom,Nom,150 rue de test,1995-03-07
82,Prenom,Nom,150 rue de test,1995-03-07
83,Prenom,Nom,150 rue de test,1995-03-07
84,Prenom,Nom,150 rue de test,1995-03-07
85,Prenom,Nom,150 rue de test,1995-03-07
86,Prenom,Nom,150 rue de test,1995-03-07
87,Prenom,Nom,150 rue de test,1995-03-07
88,Prenom,Nom,150 rue de test,1995-03-07
89,Prenom,Nom,150 rue de test,1995-03-07
90,Prenom,Nom,150 rue de test,1995-03-07
91,Prenom,Nom,150 rue de test,1995-03-07
92,Prenom,Nom,150 rue de test,1995-03-07
93,Prenom,Nom,150 rue de test,1995-03-07
94,Prenom,Nom,150 rue de test,1995-03-07
95,Prenom,Nom,150 rue de test,1995-03-07
96,Prenom,Nom,150 rue de test,1995-03-07
97,Prenom,Nom,150 rue de test,1995-03-07
98,Prenom,Nom,150 rue de test,1995-03-07
99,Prenom,Nom,150 rue de test,1995-03-07
